lead_id,interaction_id,interaction_datetime,channel,platform,campaign_name,campaign_type,course,click_id,cost
L0001,I000001,2026-03-15 08:00:00,Meta Ads,Meta,Meta Ads - MBA em Gestão,especifica,MBA em Gestão,FBCLID_523abd325501,1.64
L0002,I000002,2026-01-28 20:00:00,Google Ads,Google,Google Ads - Remarketing,remarketing,Data Science,GCLID_365290273735,7.75
L0002,I000003,2026-02-10 05:00:00,Google Ads,Google,Google Ads - Data Science,especifica,Data Science,GCLID_77017cf454b4,8.88
L0002,I000004,2026-02-12 19:00:00,E-mail,CRM,E-mail - Data Science,especifica,Data Science,,0.0
L0002,I000005,2026-02-16 15:00:00,E-mail,CRM,E-mail - Performance,performance,Data Science,,0.0
L0002,I000006,2026-02-17 16:00:00,Meta Ads,Meta,Meta Ads - Remarketing,remarketing,Data Science,FBCLID_cc43031e294b,7.86
L0002,I000007,2026-03-02 12:00:00,E-mail,CRM,E-mail - Performance,performance,Data Science,,0.0
L0002,I000008,2026-03-04 23:00:00,E-mail,CRM,E-mail - Data Science,especifica,Data Science,,0.0
L0002,I000009,2026-03-06 22:00:00,E-mail,CRM,E-mail - Marca Institucional,institucional,Data Science,,0.0
L0002,I000010,2026-03-18 07:00:00,Orgânico,Site,Orgânico - Data Science,especifica,Data Science,,0.0
L0002,I000011,2026-03-19 08:00:00,Google Ads,Google,Google Ads - Data Science,especifica,Data Science,GCLID_bd4dc83166db,7.85
L0002,I000012,2026-03-25 21:00:00,TikTok Ads,TikTok,TikTok Ads - Performance,performance,Data Science,,4.63
L0002,I000013,2026-04-02 14:00:00,Meta Ads,Meta,Meta Ads - Marca Institucional,institucional,Data Science,FBCLID_42ab6d0178ca,1.6
L0003,I000014,2026-02-12 10:00:00,Meta Ads,Meta,Meta Ads - Performance,performance,Agronegócio,FBCLID_25a327c9bc34,5.55
L0003,I000015,2026-02-14 04:00:00,Meta Ads,Meta,Meta Ads - Remarketing,remarketing,Agronegócio,FBCLID_330328d5d04e,2.82
L0003,I000016,2026-02-14 18:00:00,LinkedIn Ads,LinkedIn,LinkedIn Ads - Marca Institucional,institucional,Agronegócio,,5.89
L0003,I000017,2026-02-25 11:00:00,Orgânico,Site,Orgânico - Marca Institucional,institucional,Agronegócio,,0.0
L0003,I000018,2026-03-01 12:00:00,LinkedIn Ads,LinkedIn,LinkedIn Ads - Remarketing,remarketing,Agronegócio,,1.56
L0004,I000019,2026-04-25 20:00:00,Meta Ads,Meta,Meta Ads - Marca Institucional,institucional,Marketing Digital,FBCLID_678ddb6803c8,8.17
L0004,I000020,2026-05-01 20:00:00,Meta Ads,Meta,Meta Ads - Marketing Digital,especifica,Marketing Digital,FBCLID_86045dc50a1d,2.27
L0004,I000021,2026-05-06 03:00:00,TikTok Ads,TikTok,TikTok Ads - Performance,performance,Marketing Digital,,2.63
L0005,I000022,2026-02-03 10:00:00,TikTok Ads,TikTok,TikTok Ads - Marketing Digital,especifica,Marketing Digital,,6.61
L0005,I000023,2026-02-11 19:00:00,Orgânico,Site,Orgânico - Performance,performance,Marketing Digital,,0.0
L0005,I000024,2026-02-15 08:00:00,LinkedIn Ads,LinkedIn,LinkedIn Ads - Performance,performance,Marketing Digital,,7.24
L0005,I000025,2026-02-25 17:00:00,Google Ads,Google,Google Ads - Marketing Digital,especifica,Marketing Digital,GCLID_dad17b04d51d,2.64
L0005,I000026,2026-03-09 20:00:00,Orgânico,Site,Orgânico - Marca Institucional,institucional,Marketing Digital,,0.0
L0005,I000027,2026-03-19 19:00:00,LinkedIn Ads,LinkedIn,LinkedIn Ads - Remarketing,remarketing,Marketing Digital,,8.11
L0006,I000028,2026-03-12 15:00:00,TikTok Ads,TikTok,TikTok Ads - MBA em Gestão,especifica,MBA em Gestão,,1.33
L0007,I000029,2026-03-05 09:00:00,LinkedIn Ads,LinkedIn,LinkedIn Ads - Remarketing,remarketing,Agronegócio,,3.99
L0007,I000030,2026-03-05 17:00:00,TikTok Ads,TikTok,TikTok Ads - Agronegócio,especifica,Agronegócio,,3.91
L0007,I000031,2026-03-18 13:00:00,Orgânico,Site,Orgânico - Marca Institucional,institucional,Agronegócio,,0.0
L0007,I000032,2026-03-30 18:00:00,E-mail,CRM,E-mail - Marca Institucional,institucional,Agronegócio,,0.0
L0007,I000033,2026-04-12 12:00:00,LinkedIn Ads,LinkedIn,LinkedIn Ads - Marca Institucional,institucional,Agronegócio,,7.22
L0007,I000034,2026-04-24 04:00:00,TikTok Ads,TikTok,TikTok Ads - Agronegócio,especifica,Agronegócio,,8.72
L0007,I000035,2026-04-29 04:00:00,TikTok Ads,TikTok,TikTok Ads - Remarketing,remarketing,Agronegócio,,4.85
L0007,I000036,2026-05-10 19:00:00,E-mail,CRM,E-mail - Agronegócio,especifica,Agronegócio,,0.0
L0007,I000037,2026-05-22 09:00:00,LinkedIn Ads,LinkedIn,LinkedIn Ads - Performance,performance,Agronegócio,,3.02
L0007,I000038,2026-05-25 18:00:00,LinkedIn Ads,LinkedIn,LinkedIn Ads - Marca Institucional,institucional,Agronegócio,,2.67
L0007,I000039,2026-06-02 04:00:00,TikTok Ads,TikTok,TikTok Ads - Remarketing,remarketing,Agronegócio,,2.31
L0007,I000040,2026-06-11 23:00:00,Google Ads,Google,Google Ads - Remarketing,remarketing,Agronegócio,GCLID_d21179e3359d,7.28
L0007,I000041,2026-06-22 01:00:00,Meta Ads,Meta,Meta Ads - Performance,performance,Agronegócio,FBCLID_cba13ed55148,2.09
L0007,I000042,2026-06-28 04:00:00,Orgânico,Site,Orgânico - Agronegócio,especifica,Agronegócio,,0.0
L0008,I000043,2026-01-28 08:00:00,E-mail,CRM,E-mail - Marca Institucional,institucional,Agronegócio,,0.0
L0008,I000044,2026-02-01 13:00:00,TikTok Ads,TikTok,TikTok Ads - Remarketing,remarketing,Agronegócio,,8.97
L0008,I000045,2026-02-08 15:00:00,E-mail,CRM,E-mail - Marca Institucional,institucional,Agronegócio,,0.0
L0008,I000046,2026-02-20 16:00:00,Orgânico,Site,Orgânico - Remarketing,remarketing,Agronegócio,,0.0
L0008,I000047,2026-02-22 06:00:00,Google Ads,Google,Google Ads - Agronegócio,especifica,Agronegócio,GCLID_4c8e50111cd3,8.57
L0009,I000048,2026-03-29 18:00:00,E-mail,CRM,E-mail - Performance,performance,MBA em Gestão,,0.0
L0009,I000049,2026-04-08 06:00:00,Orgânico,Site,Orgânico - MBA em Gestão,especifica,MBA em Gestão,,0.0
L0009,I000050,2026-04-09 20:00:00,E-mail,CRM,E-mail - Performance,performance,MBA em Gestão,,0.0
L0009,I000051,2026-04-15 16:00:00,LinkedIn Ads,LinkedIn,LinkedIn Ads - Remarketing,remarketing,MBA em Gestão,,6.69
L0009,I000052,2026-04-27 01:00:00,TikTok Ads,TikTok,TikTok Ads - MBA em Gestão,especifica,MBA em Gestão,,8.21
L0010,I000053,2026-03-16 23:00:00,Orgânico,Site,Orgânico - Marketing Digital,especifica,Marketing Digital,,0.0
L0010,I000054,2026-03-17 20:00:00,LinkedIn Ads,LinkedIn,LinkedIn Ads - Performance,performance,Marketing Digital,,4.05
L0010,I000055,2026-03-28 19:00:00,Meta Ads,Meta,Meta Ads - Performance,performance,Marketing Digital,FBCLID_4cb4a6afc8f0,7.09
L0010,I000056,2026-04-10 12:00:00,Meta Ads,Meta,Meta Ads - Marketing Digital,especifica,Marketing Digital,FBCLID_f2ec899e761b,7.99
L0010,I000057,2026-04-23 05:00:00,Meta Ads,Meta,Meta Ads - Remarketing,remarketing,Marketing Digital,FBCLID_6a2144379bda,3.8
L0011,I000058,2026-05-09 22:00:00,Orgânico,Site,Orgânico - Performance,performance,Agronegócio,,0.0
L0011,I000059,2026-05-16 18:00:00,E-mail,CRM,E-mail - Agronegócio,especifica,Agronegócio,,0.0
L0012,I000060,2026-05-08 05:00:00,Google Ads,Google,Google Ads - Engenharia de Software,especifica,Engenharia de Software,GCLID_a6dc3b6dd7fc,5.7
L0012,I000061,2026-05-12 09:00:00,E-mail,CRM,E-mail - Marca Institucional,institucional,Engenharia de Software,,0.0
L0013,I000062,2026-05-21 06:00:00,Meta Ads,Meta,Meta Ads - Marca Institucional,institucional,Agronegócio,FBCLID_19a10418bb3b,5.08
L0014,I000063,2026-05-02 05:00:00,Google Ads,Google,Google Ads - Marca Institucional,institucional,Agronegócio,GCLID_27080705ffe9,8.0
L0014,I000064,2026-05-03 07:00:00,Orgânico,Site,Orgânico - Remarketing,remarketing,Agronegócio,,0.0
L0014,I000065,2026-05-08 02:00:00,TikTok Ads,TikTok,TikTok Ads - Marca Institucional,institucional,Agronegócio,,3.36
L0014,I000066,2026-05-17 23:00:00,E-mail,CRM,E-mail - Marca Institucional,institucional,Agronegócio,,0.0
L0014,I000067,2026-05-29 15:00:00,Google Ads,Google,Google Ads - Marca Institucional,institucional,Agronegócio,GCLID_0ff563bac34e,2.56
L0014,I000068,2026-06-06 10:00:00,Orgânico,Site,Orgânico - Remarketing,remarketing,Agronegócio,,0.0
L0015,I000069,2026-04-28 02:00:00,Meta Ads,Meta,Meta Ads - MBA em Gestão,especifica,MBA em Gestão,FBCLID_276b7aa87335,6.57
L0016,I000070,2026-01-26 22:00:00,TikTok Ads,TikTok,TikTok Ads - Marca Institucional,institucional,Engenharia de Software,,5.63
L0016,I000071,2026-01-30 01:00:00,Orgânico,Site,Orgânico - Engenharia de Software,especifica,Engenharia de Software,,0.0
L0016,I000072,2026-02-09 11:00:00,E-mail,CRM,E-mail - Performance,performance,Engenharia de Software,,0.0
L0016,I000073,2026-02-17 05:00:00,Google Ads,Google,Google Ads - Remarketing,remarketing,Engenharia de Software,GCLID_68164f1cab8f,5.35
L0016,I000074,2026-02-26 01:00:00,Orgânico,Site,Orgânico - Marca Institucional,institucional,Engenharia de Software,,0.0
L0016,I000075,2026-02-27 11:00:00,Orgânico,Site,Orgânico - Performance,performance,Engenharia de Software,,0.0
L0016,I000076,2026-03-02 06:00:00,Orgânico,Site,Orgânico - Remarketing,remarketing,Engenharia de Software,,0.0
L0016,I000077,2026-03-02 17:00:00,E-mail,CRM,E-mail - Performance,performance,Engenharia de Software,,0.0
L0016,I000078,2026-03-13 03:00:00,E-mail,CRM,E-mail - Marca Institucional,institucional,Engenharia de Software,,0.0
L0016,I000079,2026-03-26 02:00:00,TikTok Ads,TikTok,TikTok Ads - Performance,performance,Engenharia de Software,,7.23
L0016,I000080,2026-03-29 21:00:00,TikTok Ads,TikTok,TikTok Ads - Engenharia de Software,especifica,Engenharia de Software,,1.93
L0016,I000081,2026-04-02 11:00:00,TikTok Ads,TikTok,TikTok Ads - Marca Institucional,institucional,Engenharia de Software,,8.05
L0018,I000084,2026-01-10 16:00:00,LinkedIn Ads,LinkedIn,LinkedIn Ads - Marca Institucional,institucional,Engenharia de Software,,6.81
L0018,I000085,2026-01-22 06:00:00,Meta Ads,Meta,Meta Ads - Marca Institucional,institucional,Engenharia de Software,FBCLID_d68fe071a4e7,1.1
L0018,I000086,2026-01-26 09:00:00,Google Ads,Google,Google Ads - Performance,performance,Engenharia de Software,GCLID_0019fc5f6eb0,7.35
L0018,I000087,2026-02-03 18:00:00,TikTok Ads,TikTok,TikTok Ads - Engenharia de Software,especifica,Engenharia de Software,,3.43
L0018,I000088,2026-02-14 14:00:00,Google Ads,Google,Google Ads - Marca Institucional,institucional,Engenharia de Software,GCLID_25ca741cd4f9,4.13
L0018,I000089,2026-02-25 04:00:00,Google Ads,Google,Google Ads - Engenharia de Software,especifica,Engenharia de Software,GCLID_f63204db5102,8.58
L0018,I000090,2026-03-08 18:00:00,LinkedIn Ads,LinkedIn,LinkedIn Ads - Performance,performance,Engenharia de Software,,2.56
L0018,I000091,2026-03-19 20:00:00,Orgânico,Site,Orgânico - Performance,performance,Engenharia de Software,,0.0
L0018,I000092,2026-03-25 13:00:00,TikTok Ads,TikTok,TikTok Ads - Marca Institucional,institucional,Engenharia de Software,,5.49
L0018,I000093,2026-04-02 03:00:00,LinkedIn Ads,LinkedIn,LinkedIn Ads - Marca Institucional,institucional,Engenharia de Software,,6.38
L0018,I000094,2026-04-07 19:00:00,LinkedIn Ads,LinkedIn,LinkedIn Ads - Engenharia de Software,especifica,Engenharia de Software,,8.14
L0019,I000095,2026-01-19 03:00:00,Google Ads,Google,Google Ads - Marca Institucional,institucional,Agronegócio,GCLID_d33a824ed601,2.97
L0020,I000096,2026-04-04 07:00:00,E-mail,CRM,E-mail - Engenharia de Software,especifica,Engenharia de Software,,0.0
L0020,I000097,2026-04-07 12:00:00,TikTok Ads,TikTok,TikTok Ads - Remarketing,remarketing,Engenharia de Software,,7.47
L0020,I000098,2026-04-07 13:00:00,E-mail,CRM,E-mail - Performance,performance,Engenharia de Software,,0.0
L0021,I000099,2026-02-06 20:00:00,Meta Ads,Meta,Meta Ads - Marca Institucional,institucional,Engenharia de Software,FBCLID_f96d22acf113,7.32
L0021,I000100,2026-02-12 15:00:00,E-mail,CRM,E-mail - Engenharia de Software,especifica,Engenharia de Software,,0.0
L0021,I000101,2026-02-22 00:00:00,Google Ads,Google,Google Ads - Remarketing,remarketing,Engenharia de Software,GCLID_55a1966353c4,7.33
L0021,I000102,2026-02-24 21:00:00,E-mail,CRM,E-mail - Remarketing,remarketing,Engenharia de Software,,0.0
L0021,I000103,2026-03-08 01:00:00,Orgânico,Site,Orgânico - Marca Institucional,institucional,Engenharia de Software,,0.0
L0021,I000104,2026-03-17 16:00:00,Orgânico,Site,Orgânico - Performance,performance,Engenharia de Software,,0.0
L0021,I000105,2026-03-21 19:00:00,Orgânico,Site,Orgânico - Performance,performance,Engenharia de Software,,0.0
L0021,I000106,2026-03-25 01:00:00,Orgânico,Site,Orgânico - Remarketing,remarketing,Engenharia de Software,,0.0
L0021,I000107,2026-03-26 22:00:00,LinkedIn Ads,LinkedIn,LinkedIn Ads - Remarketing,remarketing,Engenharia de Software,,7.12
L0021,I000108,2026-04-04 21:00:00,Google Ads,Google,Google Ads - Engenharia de Software,especifica,Engenharia de Software,GCLID_88c8c8901898,6.73
L0021,I000109,2026-04-09 15:00:00,Google Ads,Google,Google Ads - Marca Institucional,institucional,Engenharia de Software,GCLID_8f1428c2e6f5,5.74
L0022,I000110,2026-05-29 04:00:00,Orgânico,Site,Orgânico - MBA em Gestão,especifica,MBA em Gestão,,0.0
L0022,I000111,2026-06-02 22:00:00,LinkedIn Ads,LinkedIn,LinkedIn Ads - Performance,performance,MBA em Gestão,,6.73
L0022,I000112,2026-06-12 05:00:00,LinkedIn Ads,LinkedIn,LinkedIn Ads - Performance,performance,MBA em Gestão,,2.6
L0022,I000113,2026-06-21 03:00:00,Google Ads,Google,Google Ads - Remarketing,remarketing,MBA em Gestão,GCLID_8b78d2c71451,3.77
L0023,I000114,2026-04-25 23:00:00,TikTok Ads,TikTok,TikTok Ads - Marca Institucional,institucional,MBA em Gestão,,6.32
L0023,I000115,2026-04-30 12:00:00,TikTok Ads,TikTok,TikTok Ads - Marca Institucional,institucional,MBA em Gestão,,2.28
L0023,I000116,2026-05-01 17:00:00,Meta Ads,Meta,Meta Ads - Performance,performance,MBA em Gestão,FBCLID_0c97691500d1,8.94
L0023,I000117,2026-05-05 16:00:00,Meta Ads,Meta,Meta Ads - Performance,performance,MBA em Gestão,FBCLID_a4388db3147d,7.08
L0023,I000118,2026-05-12 23:00:00,Google Ads,Google,Google Ads - Remarketing,remarketing,MBA em Gestão,GCLID_66c9d83367d8,5.23
L0023,I000119,2026-05-19 08:00:00,Orgânico,Site,Orgânico - MBA em Gestão,especifica,MBA em Gestão,,0.0
L0024,I000120,2026-05-07 07:00:00,Meta Ads,Meta,Meta Ads - Marketing Digital,especifica,Marketing Digital,FBCLID_1a0020efb1f2,1.98
L0024,I000121,2026-05-11 19:00:00,Meta Ads,Meta,Meta Ads - Marca Institucional,institucional,Marketing Digital,FBCLID_37d65217f9a8,6.32
L0024,I000122,2026-05-23 10:00:00,Orgânico,Site,Orgânico - Marca Institucional,institucional,Marketing Digital,,0.0
L0024,I000123,2026-06-05 09:00:00,TikTok Ads,TikTok,TikTok Ads - Marca Institucional,institucional,Marketing Digital,,4.65
L0024,I000124,2026-06-12 03:00:00,LinkedIn Ads,LinkedIn,LinkedIn Ads - Marketing Digital,especifica,Marketing Digital,,7.63
L0024,I000125,2026-06-20 23:00:00,TikTok Ads,TikTok,TikTok Ads - Marketing Digital,especifica,Marketing Digital,,8.65
L0024,I000126,2026-07-23 14:00:00,E-mail,CRM,E-mail - Performance,performance,Agronegócio,,0.0
L0025,I000127,2026-05-09 16:00:00,E-mail,CRM,E-mail - MBA em Gestão,especifica,MBA em Gestão,,0.0
L0025,I000128,2026-05-18 19:00:00,TikTok Ads,TikTok,TikTok Ads - Performance,performance,MBA em Gestão,,8.14
L0025,I000129,2026-05-22 13:00:00,LinkedIn Ads,LinkedIn,LinkedIn Ads - Marca Institucional,institucional,MBA em Gestão,,1.98
L0025,I000130,2026-05-31 12:00:00,Orgânico,Site,Orgânico - Marca Institucional,institucional,MBA em Gestão,,0.0
L0025,I000131,2026-06-06 05:00:00,TikTok Ads,TikTok,TikTok Ads - MBA em Gestão,especifica,MBA em Gestão,,8.52
L0026,I000132,2026-02-26 02:00:00,TikTok Ads,TikTok,TikTok Ads - Remarketing,remarketing,MBA em Gestão,,5.0
L0027,I000133,2026-02-18 18:00:00,TikTok Ads,TikTok,TikTok Ads - Performance,performance,Engenharia de Software,,4.77
L0028,I000134,2026-04-24 07:00:00,LinkedIn Ads,LinkedIn,LinkedIn Ads - Performance,performance,Data Science,,5.99
L0028,I000135,2026-05-05 13:00:00,Orgânico,Site,Orgânico - Remarketing,remarketing,Data Science,,0.0
L0028,I000136,2026-05-15 04:00:00,Google Ads,Google,Google Ads - Remarketing,remarketing,Data Science,GCLID_2870a95638bd,5.57
L0029,I000137,2026-04-14 09:00:00,LinkedIn Ads,LinkedIn,LinkedIn Ads - Remarketing,remarketing,Agronegócio,,1.61
L0031,I000143,2026-04-22 07:00:00,Orgânico,Site,Orgânico - Remarketing,remarketing,Agronegócio,,0.0
L0031,I000144,2026-05-01 10:00:00,E-mail,CRM,E-mail - Marca Institucional,institucional,Agronegócio,,0.0
L0031,I000145,2026-05-05 21:00:00,Google Ads,Google,Google Ads - Remarketing,remarketing,Agronegócio,GCLID_b7b6d5573036,7.87
L0031,I000146,2026-05-15 08:00:00,Meta Ads,Meta,Meta Ads - Marca Institucional,institucional,Agronegócio,FBCLID_3c9e39287c60,5.16
L0031,I000147,2026-05-25 12:00:00,Google Ads,Google,Google Ads - Performance,performance,Agronegócio,GCLID_ccfd70c440b6,6.55
L0032,I000148,2026-05-06 09:00:00,TikTok Ads,TikTok,TikTok Ads - Performance,performance,Marketing Digital,,7.93
L0032,I000149,2026-05-15 03:00:00,LinkedIn Ads,LinkedIn,LinkedIn Ads - Performance,performance,Marketing Digital,,1.87
L0032,I000150,2026-05-26 07:00:00,TikTok Ads,TikTok,TikTok Ads - Marketing Digital,especifica,Marketing Digital,,8.03
L0032,I000151,2026-06-06 10:00:00,TikTok Ads,TikTok,TikTok Ads - Marca Institucional,institucional,Marketing Digital,,0.81
L0033,I000152,2026-02-16 06:00:00,TikTok Ads,TikTok,TikTok Ads - Marketing Digital,especifica,Marketing Digital,,1.97
L0033,I000153,2026-02-21 19:00:00,Google Ads,Google,Google Ads - Remarketing,remarketing,Marketing Digital,GCLID_ceb2336574e2,3.38
L0033,I000154,2026-03-05 07:00:00,E-mail,CRM,E-mail - Marketing Digital,especifica,Marketing Digital,,0.0
L0033,I000155,2026-03-14 20:00:00,Meta Ads,Meta,Meta Ads - Remarketing,remarketing,Marketing Digital,FBCLID_4696abeaa624,3.8
L0034,I000156,2026-02-02 13:00:00,E-mail,CRM,E-mail - Data Science,especifica,Data Science,,0.0
L0034,I000157,2026-02-07 10:00:00,TikTok Ads,TikTok,TikTok Ads - Marca Institucional,institucional,Data Science,,6.88
L0034,I000158,2026-02-19 10:00:00,LinkedIn Ads,LinkedIn,LinkedIn Ads - Marca Institucional,institucional,Data Science,,3.55
L0034,I000159,2026-02-23 09:00:00,E-mail,CRM,E-mail - Marca Institucional,institucional,Data Science,,0.0
L0035,I000160,2026-01-27 01:00:00,Meta Ads,Meta,Meta Ads - Agronegócio,especifica,Agronegócio,FBCLID_9b1e7f2ad3e3,8.85
L0035,I000161,2026-02-05 16:00:00,TikTok Ads,TikTok,TikTok Ads - Performance,performance,Agronegócio,,8.98
L0035,I000162,2026-02-17 15:00:00,Orgânico,Site,Orgânico - Remarketing,remarketing,Agronegócio,,0.0
L0035,I000163,2026-02-28 17:00:00,LinkedIn Ads,LinkedIn,LinkedIn Ads - Remarketing,remarketing,Agronegócio,,5.56
L0035,I000164,2026-03-08 01:00:00,LinkedIn Ads,LinkedIn,LinkedIn Ads - Performance,performance,Agronegócio,,2.72
L0035,I000165,2026-03-10 22:00:00,Google Ads,Google,Google Ads - Marca Institucional,institucional,Agronegócio,GCLID_53d7c590ae7c,3.29
L0036,I000166,2026-02-06 13:00:00,TikTok Ads,TikTok,TikTok Ads - Marca Institucional,institucional,Agronegócio,,1.8
L0036,I000167,2026-02-18 17:00:00,Meta Ads,Meta,Meta Ads - Remarketing,remarketing,Agronegócio,FBCLID_76b9a805100f,1.55
L0036,I000168,2026-02-23 07:00:00,Meta Ads,Meta,Meta Ads - Performance,performance,Agronegócio,FBCLID_a3de02aecd82,8.04
L0037,I000169,2026-05-09 03:00:00,E-mail,CRM,E-mail - Remarketing,remarketing,MBA em Gestão,,0.0
L0037,I000170,2026-05-13 00:00:00,Meta Ads,Meta,Meta Ads - Marca Institucional,institucional,MBA em Gestão,FBCLID_2656939089cd,2.78
L0037,I000171,2026-05-22 00:00:00,LinkedIn Ads,LinkedIn,LinkedIn Ads - Performance,performance,MBA em Gestão,,6.57
L0037,I000172,2026-05-22 10:00:00,Google Ads,Google,Google Ads - Remarketing,remarketing,MBA em Gestão,GCLID_dc587fa38677,8.33
L0037,I000173,2026-06-03 07:00:00,Google Ads,Google,Google Ads - Performance,performance,MBA em Gestão,GCLID_becc9694c958,4.04
L0037,I000174,2026-06-14 01:00:00,LinkedIn Ads,LinkedIn,LinkedIn Ads - MBA em Gestão,especifica,MBA em Gestão,,7.48
L0037,I000175,2026-06-24 19:00:00,E-mail,CRM,E-mail - MBA em Gestão,especifica,MBA em Gestão,,0.0
L0037,I000176,2026-06-28 02:00:00,Google Ads,Google,Google Ads - Performance,performance,MBA em Gestão,GCLID_f65a10c08f07,6.48
L0037,I000177,2026-06-30 16:00:00,E-mail,CRM,E-mail - MBA em Gestão,especifica,MBA em Gestão,,0.0
L0037,I000178,2026-07-11 16:00:00,E-mail,CRM,E-mail - Remarketing,remarketing,MBA em Gestão,,0.0
L0037,I000179,2026-07-12 17:00:00,LinkedIn Ads,LinkedIn,LinkedIn Ads - MBA em Gestão,especifica,MBA em Gestão,,4.02
L0037,I000180,2026-07-17 05:00:00,TikTok Ads,TikTok,TikTok Ads - Marca Institucional,institucional,MBA em Gestão,,4.66
L0038,I000181,2026-05-30 22:00:00,Google Ads,Google,Google Ads - Remarketing,remarketing,Engenharia de Software,GCLID_483de07a3239,8.72
L0038,I000182,2026-06-12 12:00:00,Meta Ads,Meta,Meta Ads - Marca Institucional,institucional,Engenharia de Software,FBCLID_996c090947e8,2.22
L0038,I000183,2026-06-19 05:00:00,Google Ads,Google,Google Ads - Marca Institucional,institucional,Engenharia de Software,GCLID_fe1763200c36,4.06
L0038,I000184,2026-06-28 08:00:00,Google Ads,Google,Google Ads - Marca Institucional,institucional,Engenharia de Software,GCLID_788e431c0340,7.24
L0038,I000185,2026-07-09 15:00:00,TikTok Ads,TikTok,TikTok Ads - Performance,performance,Engenharia de Software,,1.2
L0038,I000186,2026-07-22 01:00:00,Orgânico,Site,Orgânico - Remarketing,remarketing,Engenharia de Software,,0.0
L0038,I000187,2026-07-24 17:00:00,LinkedIn Ads,LinkedIn,LinkedIn Ads - Remarketing,remarketing,Engenharia de Software,,8.01
L0038,I000188,2026-07-28 04:00:00,Google Ads,Google,Google Ads - Marca Institucional,institucional,Engenharia de Software,GCLID_1912f7e7baa7,4.81
L0038,I000189,2026-08-07 11:00:00,Meta Ads,Meta,Meta Ads - Engenharia de Software,especifica,Engenharia de Software,FBCLID_e0a66a843ae6,6.36
L0038,I000190,2026-08-13 23:00:00,LinkedIn Ads,LinkedIn,LinkedIn Ads - Performance,performance,Engenharia de Software,,7.78
L0039,I000191,2026-03-26 16:00:00,Meta Ads,Meta,Meta Ads - Marketing Digital,especifica,Marketing Digital,FBCLID_66344549e00a,8.18
L0039,I000192,2026-04-01 15:00:00,Orgânico,Site,Orgânico - Marketing Digital,especifica,Marketing Digital,,0.0
L0039,I000193,2026-04-13 08:00:00,Orgânico,Site,Orgânico - Performance,performance,Marketing Digital,,0.0
L0039,I000194,2026-04-14 04:00:00,Google Ads,Google,Google Ads - Remarketing,remarketing,Marketing Digital,GCLID_9b8270ea7cd0,5.59
L0039,I000195,2026-04-16 14:00:00,E-mail,CRM,E-mail - Remarketing,remarketing,Marketing Digital,,0.0
L0039,I000196,2026-04-26 03:00:00,Google Ads,Google,Google Ads - Marketing Digital,especifica,Marketing Digital,GCLID_090adfaf7d44,5.99
L0039,I000197,2026-05-07 14:00:00,Meta Ads,Meta,Meta Ads - Marketing Digital,especifica,Marketing Digital,FBCLID_b2eba912204c,3.36
L0039,I000198,2026-05-19 20:00:00,TikTok Ads,TikTok,TikTok Ads - Performance,performance,Marketing Digital,,2.15
L0039,I000199,2026-06-01 13:00:00,Orgânico,Site,Orgânico - Performance,performance,Marketing Digital,,0.0
L0039,I000200,2026-06-06 02:00:00,Orgânico,Site,Orgânico - Marca Institucional,institucional,Marketing Digital,,0.0
L0039,I000201,2026-06-14 08:00:00,Meta Ads,Meta,Meta Ads - Performance,performance,Marketing Digital,FBCLID_0c2851dabb31,3.73
L0040,I000202,2026-03-14 18:00:00,Orgânico,Site,Orgânico - MBA em Gestão,especifica,MBA em Gestão,,0.0
L0040,I000203,2026-03-20 05:00:00,Meta Ads,Meta,Meta Ads - MBA em Gestão,especifica,MBA em Gestão,FBCLID_9e5ffb017510,8.14
L0041,I000204,2026-02-20 00:00:00,Google Ads,Google,Google Ads - Remarketing,remarketing,Data Science,GCLID_4c0fa479c8b0,7.38
L0041,I000205,2026-02-24 20:00:00,Google Ads,Google,Google Ads - Marca Institucional,institucional,Data Science,GCLID_5463394f25b4,3.38
L0042,I000206,2026-02-17 14:00:00,E-mail,CRM,E-mail - Remarketing,remarketing,Agronegócio,,0.0
L0044,I000214,2026-01-20 02:00:00,Orgânico,Site,Orgânico - Performance,performance,Marketing Digital,,0.0
L0044,I000215,2026-01-26 14:00:00,Orgânico,Site,Orgânico - Marca Institucional,institucional,Marketing Digital,,0.0
L0044,I000216,2026-02-08 08:00:00,Orgânico,Site,Orgânico - Performance,performance,Marketing Digital,,0.0
L0045,I000217,2026-03-26 13:00:00,TikTok Ads,TikTok,TikTok Ads - Agronegócio,especifica,Agronegócio,,8.41
L0045,I000218,2026-04-02 06:00:00,E-mail,CRM,E-mail - Agronegócio,especifica,Agronegócio,,0.0
L0045,I000219,2026-04-12 17:00:00,Google Ads,Google,Google Ads - Marca Institucional,institucional,Agronegócio,GCLID_83394f8902e8,4.45
L0045,I000220,2026-04-19 18:00:00,LinkedIn Ads,LinkedIn,LinkedIn Ads - Remarketing,remarketing,Agronegócio,,3.23
L0045,I000221,2026-04-28 16:00:00,Google Ads,Google,Google Ads - Agronegócio,especifica,Agronegócio,GCLID_507b4a5abceb,8.0
L0045,I000222,2026-05-05 04:00:00,Meta Ads,Meta,Meta Ads - Performance,performance,Agronegócio,FBCLID_0f0ba5b5a7f2,4.5
L0045,I000223,2026-05-14 06:00:00,LinkedIn Ads,LinkedIn,LinkedIn Ads - Performance,performance,Agronegócio,,3.11
L0046,I000224,2026-05-23 10:00:00,E-mail,CRM,E-mail - Marketing Digital,especifica,Marketing Digital,,0.0
L0046,I000225,2026-05-26 13:00:00,Meta Ads,Meta,Meta Ads - Performance,performance,Marketing Digital,FBCLID_6778912ebb51,2.29
L0046,I000226,2026-05-29 10:00:00,LinkedIn Ads,LinkedIn,LinkedIn Ads - Performance,performance,Marketing Digital,,6.17
L0046,I000227,2026-06-01 17:00:00,Google Ads,Google,Google Ads - Performance,performance,Marketing Digital,GCLID_4ef4f1161b4b,6.64
L0046,I000228,2026-06-09 23:00:00,LinkedIn Ads,LinkedIn,LinkedIn Ads - Marketing Digital,especifica,Marketing Digital,,2.96
L0046,I000229,2026-06-20 03:00:00,E-mail,CRM,E-mail - Remarketing,remarketing,Marketing Digital,,0.0
L0046,I000230,2026-07-02 19:00:00,E-mail,CRM,E-mail - Marketing Digital,especifica,Marketing Digital,,0.0
L0047,I000231,2026-04-04 17:00:00,Google Ads,Google,Google Ads - Performance,performance,MBA em Gestão,GCLID_30038be9d07f,5.54
L0048,I000232,2026-04-25 01:00:00,Meta Ads,Meta,Meta Ads - MBA em Gestão,especifica,MBA em Gestão,FBCLID_dcf5bd6511dc,6.08
L0048,I000233,2026-04-28 02:00:00,TikTok Ads,TikTok,TikTok Ads - Marca Institucional,institucional,MBA em Gestão,,1.85
L0048,I000234,2026-04-29 08:00:00,Orgânico,Site,Orgânico - Performance,performance,MBA em Gestão,,0.0
L0049,I000235,2026-05-17 04:00:00,E-mail,CRM,E-mail - Remarketing,remarketing,MBA em Gestão,,0.0
L0050,I000236,2026-05-29 00:00:00,TikTok Ads,TikTok,TikTok Ads - Agronegócio,especifica,Agronegócio,,7.27
L0050,I000237,2026-06-01 00:00:00,TikTok Ads,TikTok,TikTok Ads - Performance,performance,Agronegócio,,6.62
L0051,I000238,2026-02-19 18:00:00,LinkedIn Ads,LinkedIn,LinkedIn Ads - Remarketing,remarketing,Agronegócio,,5.54
L0051,I000239,2026-02-22 06:00:00,E-mail,CRM,E-mail - Marca Institucional,institucional,Agronegócio,,0.0
L0051,I000240,2026-03-06 01:00:00,E-mail,CRM,E-mail - Performance,performance,Agronegócio,,0.0
L0051,I000241,2026-03-16 02:00:00,E-mail,CRM,E-mail - Agronegócio,especifica,Agronegócio,,0.0
L0051,I000242,2026-03-27 19:00:00,E-mail,CRM,E-mail - Performance,performance,Agronegócio,,0.0
L0051,I000243,2026-03-29 11:00:00,LinkedIn Ads,LinkedIn,LinkedIn Ads - Performance,performance,Agronegócio,,8.65
L0051,I000244,2026-03-30 19:00:00,Google Ads,Google,Google Ads - Remarketing,remarketing,Agronegócio,GCLID_494df92a7db4,1.35
L0051,I000245,2026-04-08 00:00:00,LinkedIn Ads,LinkedIn,LinkedIn Ads - Marca Institucional,institucional,Agronegócio,,4.71
L0051,I000246,2026-04-10 03:00:00,Meta Ads,Meta,Meta Ads - Performance,performance,Agronegócio,FBCLID_b91a797ff883,1.78
L0051,I000247,2026-04-12 19:00:00,LinkedIn Ads,LinkedIn,LinkedIn Ads - Remarketing,remarketing,Agronegócio,,3.1
L0051,I000248,2026-04-23 19:00:00,TikTok Ads,TikTok,TikTok Ads - Performance,performance,Agronegócio,,0.9
L0051,I000249,2026-04-29 07:00:00,Orgânico,Site,Orgânico - Performance,performance,Agronegócio,,0.0
L0051,I000250,2026-05-11 07:00:00,Meta Ads,Meta,Meta Ads - Remarketing,remarketing,Agronegócio,FBCLID_197256e2305a,2.25
L0051,I000251,2026-05-21 10:00:00,LinkedIn Ads,LinkedIn,LinkedIn Ads - Remarketing,remarketing,Agronegócio,,4.49
L0052,I000252,2026-03-18 05:00:00,TikTok Ads,TikTok,TikTok Ads - Engenharia de Software,especifica,Engenharia de Software,,7.42
L0052,I000253,2026-03-29 23:00:00,TikTok Ads,TikTok,TikTok Ads - Performance,performance,Engenharia de Software,,5.07
L0052,I000254,2026-03-30 11:00:00,TikTok Ads,TikTok,TikTok Ads - Marca Institucional,institucional,Engenharia de Software,,5.1
L0052,I000255,2026-04-05 02:00:00,Google Ads,Google,Google Ads - Performance,performance,Engenharia de Software,GCLID_782c92315804,4.63
L0052,I000256,2026-04-10 17:00:00,E-mail,CRM,E-mail - Performance,performance,Engenharia de Software,,0.0
L0052,I000257,2026-04-14 17:00:00,TikTok Ads,TikTok,TikTok Ads - Remarketing,remarketing,Engenharia de Software,,7.08
L0052,I000258,2026-04-25 00:00:00,Google Ads,Google,Google Ads - Remarketing,remarketing,Engenharia de Software,GCLID_635e42edbcb1,5.04
L0052,I000259,2026-05-06 19:00:00,TikTok Ads,TikTok,TikTok Ads - Performance,performance,Engenharia de Software,,4.83
L0052,I000260,2026-05-19 10:00:00,TikTok Ads,TikTok,TikTok Ads - Performance,performance,Engenharia de Software,,8.98
L0052,I000261,2026-06-01 08:00:00,Google Ads,Google,Google Ads - Marca Institucional,institucional,Engenharia de Software,GCLID_615a162914ef,2.84
L0052,I000262,2026-06-13 01:00:00,Orgânico,Site,Orgânico - Marca Institucional,institucional,Engenharia de Software,,0.0
L0052,I000263,2026-06-25 08:00:00,Google Ads,Google,Google Ads - Remarketing,remarketing,Engenharia de Software,GCLID_a613fbcb3894,0.87
L0052,I000264,2026-07-05 12:00:00,Google Ads,Google,Google Ads - Performance,performance,Engenharia de Software,GCLID_6cd96661d5fc,6.55
L0053,I000265,2026-05-14 20:00:00,Meta Ads,Meta,Meta Ads - Engenharia de Software,especifica,Engenharia de Software,FBCLID_1737c2172162,3.45
L0053,I000266,2026-05-15 15:00:00,Orgânico,Site,Orgânico - Engenharia de Software,especifica,Engenharia de Software,,0.0
L0053,I000267,2026-05-16 18:00:00,Orgânico,Site,Orgânico - Performance,performance,Engenharia de Software,,0.0
L0053,I000268,2026-05-17 05:00:00,Orgânico,Site,Orgânico - Performance,performance,Engenharia de Software,,0.0
L0053,I000269,2026-05-26 13:00:00,LinkedIn Ads,LinkedIn,LinkedIn Ads - Marca Institucional,institucional,Engenharia de Software,,5.14
L0053,I000270,2026-06-06 16:00:00,E-mail,CRM,E-mail - Remarketing,remarketing,Engenharia de Software,,0.0
L0054,I000271,2026-04-17 19:00:00,TikTok Ads,TikTok,TikTok Ads - Remarketing,remarketing,Agronegócio,,5.79
L0054,I000272,2026-04-22 02:00:00,LinkedIn Ads,LinkedIn,LinkedIn Ads - Marca Institucional,institucional,Agronegócio,,2.56
L0054,I000273,2026-04-25 10:00:00,E-mail,CRM,E-mail - Agronegócio,especifica,Agronegócio,,0.0
L0054,I000274,2026-04-26 09:00:00,E-mail,CRM,E-mail - Performance,performance,Agronegócio,,0.0
L0054,I000275,2026-04-26 18:00:00,Google Ads,Google,Google Ads - Remarketing,remarketing,Agronegócio,GCLID_f3f5c49963b0,5.1
L0054,I000276,2026-04-29 04:00:00,TikTok Ads,TikTok,TikTok Ads - Agronegócio,especifica,Agronegócio,,1.48
L0054,I000277,2026-05-02 06:00:00,E-mail,CRM,E-mail - Agronegócio,especifica,Agronegócio,,0.0
L0054,I000278,2026-05-11 10:00:00,LinkedIn Ads,LinkedIn,LinkedIn Ads - Remarketing,remarketing,Agronegócio,,4.41
L0054,I000279,2026-05-16 00:00:00,LinkedIn Ads,LinkedIn,LinkedIn Ads - Marca Institucional,institucional,Agronegócio,,4.66
L0054,I000280,2026-05-20 05:00:00,E-mail,CRM,E-mail - Marca Institucional,institucional,Agronegócio,,0.0
L0054,I000281,2026-05-23 17:00:00,LinkedIn Ads,LinkedIn,LinkedIn Ads - Remarketing,remarketing,Agronegócio,,4.97
L0054,I000282,2026-06-03 22:00:00,TikTok Ads,TikTok,TikTok Ads - Remarketing,remarketing,Agronegócio,,0.95
L0055,I000283,2026-02-01 06:00:00,Orgânico,Site,Orgânico - Remarketing,remarketing,Marketing Digital,,0.0
L0055,I000284,2026-02-06 04:00:00,Meta Ads,Meta,Meta Ads - Marketing Digital,especifica,Marketing Digital,FBCLID_2c99c88f29bf,6.58
L0055,I000285,2026-02-18 14:00:00,Meta Ads,Meta,Meta Ads - Marca Institucional,institucional,Marketing Digital,FBCLID_001888e6bc63,8.02
L0055,I000286,2026-02-27 21:00:00,LinkedIn Ads,LinkedIn,LinkedIn Ads - Marketing Digital,especifica,Marketing Digital,,2.69
L0055,I000287,2026-03-04 10:00:00,TikTok Ads,TikTok,TikTok Ads - Marca Institucional,institucional,Marketing Digital,,2.62
L0055,I000288,2026-03-15 20:00:00,E-mail,CRM,E-mail - Remarketing,remarketing,Marketing Digital,,0.0
L0055,I000289,2026-03-26 21:00:00,E-mail,CRM,E-mail - Remarketing,remarketing,Marketing Digital,,0.0
L0055,I000290,2026-04-03 17:00:00,E-mail,CRM,E-mail - Marketing Digital,especifica,Marketing Digital,,0.0
L0055,I000291,2026-04-05 01:00:00,Meta Ads,Meta,Meta Ads - Remarketing,remarketing,Marketing Digital,FBCLID_45c5b54b5593,3.46
L0056,I000292,2026-02-21 18:00:00,Orgânico,Site,Orgânico - Marca Institucional,institucional,Data Science,,0.0
L0056,I000293,2026-02-25 00:00:00,Google Ads,Google,Google Ads - Remarketing,remarketing,Data Science,GCLID_10b3d2327ac4,5.63
L0056,I000294,2026-02-25 21:00:00,Google Ads,Google,Google Ads - Data Science,especifica,Data Science,GCLID_3fbb9ce45329,5.54
L0057,I000295,2026-03-24 11:00:00,LinkedIn Ads,LinkedIn,LinkedIn Ads - Performance,performance,MBA em Gestão,,7.02
L0058,I000296,2026-04-10 08:00:00,Meta Ads,Meta,Meta Ads - Remarketing,remarketing,Marketing Digital,FBCLID_1c359aa4b769,5.98
L0058,I000297,2026-04-15 19:00:00,TikTok Ads,TikTok,TikTok Ads - Marca Institucional,institucional,Marketing Digital,,5.4
L0058,I000298,2026-04-18 01:00:00,E-mail,CRM,E-mail - Marca Institucional,institucional,Marketing Digital,,0.0
L0058,I000299,2026-04-26 10:00:00,TikTok Ads,TikTok,TikTok Ads - Marca Institucional,institucional,Marketing Digital,,5.43
L0058,I000300,2026-05-06 05:00:00,E-mail,CRM,E-mail - Marketing Digital,especifica,Marketing Digital,,0.0
L0058,I000301,2026-05-08 08:00:00,Meta Ads,Meta,Meta Ads - Performance,performance,Marketing Digital,FBCLID_adb268cf17ef,3.87
L0059,I000302,2026-03-01 21:00:00,Orgânico,Site,Orgânico - Marca Institucional,institucional,Agronegócio,,0.0
L0059,I000303,2026-03-12 03:00:00,E-mail,CRM,E-mail - Performance,performance,Agronegócio,,0.0
L0059,I000304,2026-03-16 07:00:00,LinkedIn Ads,LinkedIn,LinkedIn Ads - Performance,performance,Agronegócio,,8.53
L0060,I000305,2026-03-04 23:00:00,Orgânico,Site,Orgânico - Marca Institucional,institucional,Agronegócio,,0.0
L0060,I000306,2026-03-11 04:00:00,LinkedIn Ads,LinkedIn,LinkedIn Ads - Performance,performance,Agronegócio,,6.54
L0060,I000307,2026-03-22 07:00:00,Google Ads,Google,Google Ads - Remarketing,remarketing,Agronegócio,GCLID_462003290f73,3.47
L0060,I000308,2026-03-31 05:00:00,TikTok Ads,TikTok,TikTok Ads - Performance,performance,Agronegócio,,2.74
L0061,I000309,2026-06-10 13:00:00,Orgânico,Site,Orgânico - Marca Institucional,institucional,MBA em Gestão,,0.0
L0061,I000310,2026-06-12 07:00:00,Orgânico,Site,Orgânico - Performance,performance,MBA em Gestão,,0.0
L0061,I000311,2026-06-19 05:00:00,Google Ads,Google,Google Ads - MBA em Gestão,especifica,MBA em Gestão,GCLID_4500dcc27f0e,5.64
L0062,I000312,2026-01-15 22:00:00,Meta Ads,Meta,Meta Ads - Remarketing,remarketing,MBA em Gestão,FBCLID_cc6785831070,8.79
L0063,I000313,2026-05-29 03:00:00,LinkedIn Ads,LinkedIn,LinkedIn Ads - Marca Institucional,institucional,Agronegócio,,4.76
L0063,I000314,2026-06-09 02:00:00,Meta Ads,Meta,Meta Ads - Remarketing,remarketing,Agronegócio,FBCLID_4423382a183f,6.24
L0063,I000315,2026-06-13 07:00:00,LinkedIn Ads,LinkedIn,LinkedIn Ads - Performance,performance,Agronegócio,,1.09
L0063,I000316,2026-06-21 09:00:00,Google Ads,Google,Google Ads - Agronegócio,especifica,Agronegócio,GCLID_ece7abc3c16e,7.78
L0063,I000317,2026-06-28 14:00:00,Orgânico,Site,Orgânico - Agronegócio,especifica,Agronegócio,,0.0
L0063,I000318,2026-07-02 08:00:00,Orgânico,Site,Orgânico - Agronegócio,especifica,Agronegócio,,0.0
L0064,I000319,2026-01-11 06:00:00,LinkedIn Ads,LinkedIn,LinkedIn Ads - Remarketing,remarketing,Data Science,,3.39
L0064,I000320,2026-01-19 03:00:00,E-mail,CRM,E-mail - Remarketing,remarketing,Data Science,,0.0
L0064,I000321,2026-01-24 10:00:00,Google Ads,Google,Google Ads - Remarketing,remarketing,Data Science,GCLID_ea3a38d3b9b3,6.75
L0064,I000322,2026-01-26 08:00:00,TikTok Ads,TikTok,TikTok Ads - Data Science,especifica,Data Science,,2.31
L0064,I000323,2026-02-01 18:00:00,Google Ads,Google,Google Ads - Remarketing,remarketing,Data Science,GCLID_e7cb9d04b203,8.97
L0065,I000324,2026-05-09 06:00:00,Meta Ads,Meta,Meta Ads - Marca Institucional,institucional,Marketing Digital,FBCLID_cf0a561056bd,4.0
L0065,I000325,2026-05-11 00:00:00,TikTok Ads,TikTok,TikTok Ads - Remarketing,remarketing,Marketing Digital,,5.19
L0065,I000326,2026-05-19 01:00:00,Meta Ads,Meta,Meta Ads - Marketing Digital,especifica,Marketing Digital,FBCLID_4e0b5181daa9,8.73
L0065,I000327,2026-05-25 03:00:00,Meta Ads,Meta,Meta Ads - Remarketing,remarketing,Marketing Digital,FBCLID_41969aff50d4,7.3
L0065,I000328,2026-06-04 20:00:00,E-mail,CRM,E-mail - Remarketing,remarketing,Marketing Digital,,0.0
L0065,I000329,2026-06-16 23:00:00,Google Ads,Google,Google Ads - Performance,performance,Marketing Digital,GCLID_c37b16d60694,4.54
L0065,I000330,2026-06-27 17:00:00,LinkedIn Ads,LinkedIn,LinkedIn Ads - Marca Institucional,institucional,Marketing Digital,,5.28
L0066,I000331,2026-01-05 09:00:00,TikTok Ads,TikTok,TikTok Ads - Marca Institucional,institucional,Agronegócio,,2.27
L0066,I000332,2026-01-14 14:00:00,E-mail,CRM,E-mail - Marca Institucional,institucional,Agronegócio,,0.0
L0066,I000333,2026-01-22 10:00:00,E-mail,CRM,E-mail - Agronegócio,especifica,Agronegócio,,0.0
L0067,I000334,2026-05-06 16:00:00,E-mail,CRM,E-mail - Marca Institucional,institucional,Agronegócio,,0.0
L0067,I000335,2026-05-14 10:00:00,Meta Ads,Meta,Meta Ads - Marca Institucional,institucional,Agronegócio,FBCLID_8c810c549dc5,4.77
L0068,I000336,2026-02-14 22:00:00,E-mail,CRM,E-mail - Data Science,especifica,Data Science,,0.0
L0068,I000337,2026-02-23 22:00:00,E-mail,CRM,E-mail - Data Science,especifica,Data Science,,0.0
L0068,I000338,2026-02-27 02:00:00,Google Ads,Google,Google Ads - Remarketing,remarketing,Data Science,GCLID_d9a4c13391c5,3.74
L0068,I000339,2026-03-09 16:00:00,Meta Ads,Meta,Meta Ads - Performance,performance,Data Science,FBCLID_a4052e6533d4,6.57
L0068,I000340,2026-03-20 17:00:00,E-mail,CRM,E-mail - Performance,performance,Data Science,,0.0
L0068,I000341,2026-03-24 10:00:00,Meta Ads,Meta,Meta Ads - Performance,performance,Data Science,FBCLID_1939d5dfe4eb,1.73
L0068,I000342,2026-04-01 02:00:00,LinkedIn Ads,LinkedIn,LinkedIn Ads - Remarketing,remarketing,Data Science,,5.12
L0068,I000343,2026-04-02 14:00:00,TikTok Ads,TikTok,TikTok Ads - Marca Institucional,institucional,Data Science,,8.16
L0068,I000344,2026-04-08 03:00:00,Meta Ads,Meta,Meta Ads - Remarketing,remarketing,Data Science,FBCLID_4eb7d940f4f3,4.44
L0069,I000345,2026-02-15 17:00:00,LinkedIn Ads,LinkedIn,LinkedIn Ads - Engenharia de Software,especifica,Engenharia de Software,,2.66
L0069,I000346,2026-02-18 00:00:00,Orgânico,Site,Orgânico - Engenharia de Software,especifica,Engenharia de Software,,0.0
L0069,I000347,2026-02-19 00:00:00,E-mail,CRM,E-mail - Performance,performance,Engenharia de Software,,0.0
L0069,I000348,2026-03-03 18:00:00,E-mail,CRM,E-mail - Engenharia de Software,especifica,Engenharia de Software,,0.0
L0069,I000349,2026-03-13 14:00:00,LinkedIn Ads,LinkedIn,LinkedIn Ads - Marca Institucional,institucional,Engenharia de Software,,2.4
L0069,I000350,2026-03-24 01:00:00,E-mail,CRM,E-mail - Marca Institucional,institucional,Engenharia de Software,,0.0
L0070,I000351,2026-06-02 15:00:00,E-mail,CRM,E-mail - Marca Institucional,institucional,Engenharia de Software,,0.0
L0071,I000352,2026-03-16 18:00:00,E-mail,CRM,E-mail - Remarketing,remarketing,Data Science,,0.0
L0071,I000353,2026-03-24 16:00:00,TikTok Ads,TikTok,TikTok Ads - Data Science,especifica,Data Science,,6.09
L0071,I000354,2026-03-28 21:00:00,LinkedIn Ads,LinkedIn,LinkedIn Ads - Marca Institucional,institucional,Data Science,,5.57
L0071,I000355,2026-04-10 00:00:00,Meta Ads,Meta,Meta Ads - Data Science,especifica,Data Science,FBCLID_cff76e5f2fcc,5.71
L0071,I000356,2026-04-22 15:00:00,LinkedIn Ads,LinkedIn,LinkedIn Ads - Performance,performance,Data Science,,4.18
L0072,I000357,2026-02-08 18:00:00,Google Ads,Google,Google Ads - Remarketing,remarketing,MBA em Gestão,GCLID_c1929ce5bc55,6.47
L0074,I000359,2026-06-01 01:00:00,LinkedIn Ads,LinkedIn,LinkedIn Ads - Performance,performance,Data Science,,7.2
L0074,I000360,2026-06-06 23:00:00,Meta Ads,Meta,Meta Ads - Remarketing,remarketing,Data Science,FBCLID_19cf0ddb9bbc,5.63
L0074,I000361,2026-06-15 22:00:00,LinkedIn Ads,LinkedIn,LinkedIn Ads - Performance,performance,Data Science,,1.13
L0074,I000362,2026-06-17 22:00:00,TikTok Ads,TikTok,TikTok Ads - Performance,performance,Data Science,,8.99
L0074,I000363,2026-06-21 17:00:00,Meta Ads,Meta,Meta Ads - Performance,performance,Data Science,FBCLID_0d01663669f4,7.72
L0074,I000364,2026-06-30 01:00:00,TikTok Ads,TikTok,TikTok Ads - Remarketing,remarketing,Data Science,,2.01
L0074,I000365,2026-07-04 20:00:00,LinkedIn Ads,LinkedIn,LinkedIn Ads - Data Science,especifica,Data Science,,5.91
L0074,I000366,2026-07-06 08:00:00,Google Ads,Google,Google Ads - Remarketing,remarketing,Data Science,GCLID_71ac468c0e06,4.49
L0074,I000367,2026-07-17 01:00:00,E-mail,CRM,E-mail - Remarketing,remarketing,Data Science,,0.0
L0074,I000368,2026-07-19 12:00:00,Google Ads,Google,Google Ads - Marca Institucional,institucional,Data Science,GCLID_5a8fbfff4d43,3.66
L0074,I000369,2026-07-23 15:00:00,Orgânico,Site,Orgânico - Marca Institucional,institucional,Data Science,,0.0
L0075,I000370,2026-02-17 22:00:00,E-mail,CRM,E-mail - Performance,performance,Engenharia de Software,,0.0
L0075,I000371,2026-02-27 08:00:00,Orgânico,Site,Orgânico - Marca Institucional,institucional,Engenharia de Software,,0.0
L0075,I000372,2026-03-10 01:00:00,LinkedIn Ads,LinkedIn,LinkedIn Ads - Remarketing,remarketing,Engenharia de Software,,2.28
L0075,I000373,2026-03-18 07:00:00,TikTok Ads,TikTok,TikTok Ads - Marca Institucional,institucional,Engenharia de Software,,3.79
L0076,I000374,2026-05-06 05:00:00,TikTok Ads,TikTok,TikTok Ads - Remarketing,remarketing,Data Science,,8.23
L0076,I000375,2026-05-07 18:00:00,LinkedIn Ads,LinkedIn,LinkedIn Ads - Performance,performance,Data Science,,8.15
L0076,I000376,2026-05-14 20:00:00,E-mail,CRM,E-mail - Performance,performance,Data Science,,0.0
L0076,I000377,2026-05-19 14:00:00,TikTok Ads,TikTok,TikTok Ads - Remarketing,remarketing,Data Science,,1.26
L0076,I000378,2026-05-31 11:00:00,Orgânico,Site,Orgânico - Marca Institucional,institucional,Data Science,,0.0
L0076,I000379,2026-05-31 23:00:00,TikTok Ads,TikTok,TikTok Ads - Remarketing,remarketing,Data Science,,8.41
L0076,I000380,2026-06-13 14:00:00,LinkedIn Ads,LinkedIn,LinkedIn Ads - Marca Institucional,institucional,Data Science,,4.66
L0076,I000381,2026-06-25 15:00:00,TikTok Ads,TikTok,TikTok Ads - Marca Institucional,institucional,Data Science,,6.06
L0076,I000382,2026-07-08 01:00:00,Meta Ads,Meta,Meta Ads - Remarketing,remarketing,Data Science,FBCLID_7cc3febf0073,4.5
L0076,I000383,2026-07-16 21:00:00,Google Ads,Google,Google Ads - Marca Institucional,institucional,Data Science,GCLID_db1e7a33c9c3,5.82
L0076,I000384,2026-07-29 11:00:00,Google Ads,Google,Google Ads - Remarketing,remarketing,Data Science,GCLID_1dd97e500dd7,7.58
L0077,I000385,2026-01-12 04:00:00,LinkedIn Ads,LinkedIn,LinkedIn Ads - Performance,performance,Data Science,,4.5
L0077,I000386,2026-01-20 05:00:00,Google Ads,Google,Google Ads - Marca Institucional,institucional,Data Science,GCLID_81f34656a209,1.23
L0077,I000387,2026-01-22 22:00:00,Orgânico,Site,Orgânico - Performance,performance,Data Science,,0.0
L0078,I000388,2026-05-15 19:00:00,LinkedIn Ads,LinkedIn,LinkedIn Ads - Remarketing,remarketing,Marketing Digital,,6.84
L0078,I000389,2026-05-16 09:00:00,Google Ads,Google,Google Ads - Remarketing,remarketing,Marketing Digital,GCLID_51177bb7cc2e,3.72
L0078,I000390,2026-05-25 09:00:00,Orgânico,Site,Orgânico - Marketing Digital,especifica,Marketing Digital,,0.0
L0078,I000391,2026-05-27 09:00:00,Google Ads,Google,Google Ads - Performance,performance,Marketing Digital,GCLID_74193a949f55,1.46
L0079,I000392,2026-04-02 04:00:00,Google Ads,Google,Google Ads - Marca Institucional,institucional,Data Science,GCLID_0c97b7c6e64b,3.93
L0079,I000393,2026-04-13 13:00:00,TikTok Ads,TikTok,TikTok Ads - Remarketing,remarketing,Data Science,,8.21
L0079,I000394,2026-04-24 02:00:00,Meta Ads,Meta,Meta Ads - Remarketing,remarketing,Data Science,FBCLID_29445824b1b6,1.56
L0079,I000395,2026-04-26 23:00:00,LinkedIn Ads,LinkedIn,LinkedIn Ads - Data Science,especifica,Data Science,,8.2
L0079,I000396,2026-05-09 15:00:00,LinkedIn Ads,LinkedIn,LinkedIn Ads - Marca Institucional,institucional,Data Science,,0.93
L0079,I000397,2026-05-12 20:00:00,LinkedIn Ads,LinkedIn,LinkedIn Ads - Data Science,especifica,Data Science,,1.44
L0079,I000398,2026-05-17 15:00:00,Orgânico,Site,Orgânico - Remarketing,remarketing,Data Science,,0.0
L0079,I000399,2026-05-25 11:00:00,Google Ads,Google,Google Ads - Data Science,especifica,Data Science,GCLID_d772b6c0b851,1.99
L0079,I000400,2026-05-26 01:00:00,TikTok Ads,TikTok,TikTok Ads - Remarketing,remarketing,Data Science,,5.6
L0079,I000401,2026-06-02 13:00:00,LinkedIn Ads,LinkedIn,LinkedIn Ads - Marca Institucional,institucional,Data Science,,4.79
L0079,I000402,2026-06-10 08:00:00,TikTok Ads,TikTok,TikTok Ads - Marca Institucional,institucional,Data Science,,8.5
L0080,I000403,2026-04-30 00:00:00,Orgânico,Site,Orgânico - Performance,performance,Marketing Digital,,0.0
L0080,I000404,2026-05-03 17:00:00,LinkedIn Ads,LinkedIn,LinkedIn Ads - Marketing Digital,especifica,Marketing Digital,,1.19
L0080,I000405,2026-05-16 04:00:00,LinkedIn Ads,LinkedIn,LinkedIn Ads - Performance,performance,Marketing Digital,,7.11
L0080,I000406,2026-05-24 05:00:00,Google Ads,Google,Google Ads - Marca Institucional,institucional,Marketing Digital,GCLID_cbdf55617cf7,4.96
L0080,I000407,2026-05-31 18:00:00,Google Ads,Google,Google Ads - Marketing Digital,especifica,Marketing Digital,GCLID_a71ece504d62,7.11
L0081,I000408,2026-04-28 23:00:00,E-mail,CRM,E-mail - Performance,performance,Engenharia de Software,,0.0
L0081,I000409,2026-05-09 21:00:00,E-mail,CRM,E-mail - Marca Institucional,institucional,Engenharia de Software,,0.0
L0081,I000410,2026-05-21 09:00:00,E-mail,CRM,E-mail - Engenharia de Software,especifica,Engenharia de Software,,0.0
L0081,I000411,2026-06-02 08:00:00,LinkedIn Ads,LinkedIn,LinkedIn Ads - Remarketing,remarketing,Engenharia de Software,,6.87
L0081,I000412,2026-06-10 11:00:00,LinkedIn Ads,LinkedIn,LinkedIn Ads - Remarketing,remarketing,Engenharia de Software,,6.8
L0082,I000413,2026-04-11 07:00:00,LinkedIn Ads,LinkedIn,LinkedIn Ads - Performance,performance,Agronegócio,,5.5
L0082,I000414,2026-04-18 13:00:00,TikTok Ads,TikTok,TikTok Ads - Agronegócio,especifica,Agronegócio,,4.46
L0082,I000415,2026-04-26 17:00:00,Meta Ads,Meta,Meta Ads - Agronegócio,especifica,Agronegócio,FBCLID_192251ac28b7,4.78
L0082,I000416,2026-05-02 11:00:00,Google Ads,Google,Google Ads - Marca Institucional,institucional,Agronegócio,GCLID_2befeac608ee,3.17
L0082,I000417,2026-05-02 14:00:00,Meta Ads,Meta,Meta Ads - Remarketing,remarketing,Agronegócio,FBCLID_ba1e1f077cc4,5.29
L0082,I000418,2026-05-05 13:00:00,TikTok Ads,TikTok,TikTok Ads - Remarketing,remarketing,Agronegócio,,3.47
L0082,I000419,2026-05-14 09:00:00,E-mail,CRM,E-mail - Performance,performance,Agronegócio,,0.0
L0082,I000420,2026-05-18 15:00:00,Meta Ads,Meta,Meta Ads - Marca Institucional,institucional,Agronegócio,FBCLID_581630a7a007,2.81
L0082,I000421,2026-05-22 17:00:00,LinkedIn Ads,LinkedIn,LinkedIn Ads - Remarketing,remarketing,Agronegócio,,1.74
L0082,I000422,2026-05-27 21:00:00,TikTok Ads,TikTok,TikTok Ads - Marca Institucional,institucional,Agronegócio,,4.19
L0083,I000423,2026-01-31 03:00:00,Meta Ads,Meta,Meta Ads - MBA em Gestão,especifica,MBA em Gestão,FBCLID_b4d9f962081a,4.14
L0083,I000424,2026-02-10 08:00:00,TikTok Ads,TikTok,TikTok Ads - Performance,performance,MBA em Gestão,,0.8
L0083,I000425,2026-02-17 06:00:00,LinkedIn Ads,LinkedIn,LinkedIn Ads - Marca Institucional,institucional,MBA em Gestão,,1.81
L0083,I000426,2026-02-22 12:00:00,Meta Ads,Meta,Meta Ads - Performance,performance,MBA em Gestão,FBCLID_3a54a1840856,4.57
L0083,I000427,2026-03-07 08:00:00,E-mail,CRM,E-mail - Marca Institucional,institucional,MBA em Gestão,,0.0
L0083,I000428,2026-03-14 19:00:00,Google Ads,Google,Google Ads - Marca Institucional,institucional,MBA em Gestão,GCLID_1dae8fb3e5d1,8.48
L0084,I000429,2026-03-16 02:00:00,E-mail,CRM,E-mail - Remarketing,remarketing,Engenharia de Software,,0.0
L0085,I000430,2026-04-25 22:00:00,Orgânico,Site,Orgânico - Marca Institucional,institucional,Agronegócio,,0.0
L0085,I000431,2026-05-01 00:00:00,TikTok Ads,TikTok,TikTok Ads - Agronegócio,especifica,Agronegócio,,8.02
L0085,I000432,2026-05-05 07:00:00,Google Ads,Google,Google Ads - Performance,performance,Agronegócio,GCLID_dfaf6963643b,1.68
L0085,I000433,2026-05-11 17:00:00,Google Ads,Google,Google Ads - Marca Institucional,institucional,Agronegócio,GCLID_56a6a30baa70,8.1
L0085,I000434,2026-05-15 12:00:00,E-mail,CRM,E-mail - Remarketing,remarketing,Agronegócio,,0.0
L0085,I000435,2026-05-16 07:00:00,Google Ads,Google,Google Ads - Marca Institucional,institucional,Agronegócio,GCLID_378c2f13ccac,6.65
L0085,I000436,2026-05-25 03:00:00,E-mail,CRM,E-mail - Remarketing,remarketing,Agronegócio,,0.0
L0086,I000437,2026-03-02 07:00:00,Orgânico,Site,Orgânico - Remarketing,remarketing,Data Science,,0.0
L0086,I000438,2026-03-13 14:00:00,Google Ads,Google,Google Ads - Data Science,especifica,Data Science,GCLID_d1676007aaf2,4.63
L0086,I000439,2026-03-20 20:00:00,Meta Ads,Meta,Meta Ads - Performance,performance,Data Science,FBCLID_8f9dedec7ddc,5.98
L0086,I000440,2026-03-21 17:00:00,LinkedIn Ads,LinkedIn,LinkedIn Ads - Marca Institucional,institucional,Data Science,,1.93
L0086,I000441,2026-03-22 21:00:00,Orgânico,Site,Orgânico - Marca Institucional,institucional,Data Science,,0.0
L0086,I000442,2026-03-28 04:00:00,LinkedIn Ads,LinkedIn,LinkedIn Ads - Data Science,especifica,Data Science,,1.24
L0086,I000443,2026-04-04 20:00:00,Orgânico,Site,Orgânico - Performance,performance,Data Science,,0.0
L0086,I000444,2026-04-08 08:00:00,Meta Ads,Meta,Meta Ads - Remarketing,remarketing,Data Science,FBCLID_00c7eb6e2da2,2.59
L0086,I000445,2026-04-15 22:00:00,LinkedIn Ads,LinkedIn,LinkedIn Ads - Remarketing,remarketing,Data Science,,4.35
L0086,I000446,2026-04-17 01:00:00,LinkedIn Ads,LinkedIn,LinkedIn Ads - Data Science,especifica,Data Science,,1.39
L0086,I000447,2026-04-17 10:00:00,Orgânico,Site,Orgânico - Performance,performance,Data Science,,0.0
L0086,I000448,2026-04-24 17:00:00,Orgânico,Site,Orgânico - Data Science,especifica,Data Science,,0.0
L0087,I000449,2026-01-08 16:00:00,TikTok Ads,TikTok,TikTok Ads - Performance,performance,Agronegócio,,4.24
L0087,I000450,2026-01-14 22:00:00,E-mail,CRM,E-mail - Remarketing,remarketing,Agronegócio,,0.0
L0087,I000451,2026-01-15 03:00:00,E-mail,CRM,E-mail - Remarketing,remarketing,Agronegócio,,0.0
L0087,I000452,2026-01-23 16:00:00,Google Ads,Google,Google Ads - Agronegócio,especifica,Agronegócio,GCLID_b97cd0513932,4.72
L0087,I000453,2026-01-27 22:00:00,Orgânico,Site,Orgânico - Remarketing,remarketing,Agronegócio,,0.0
L0087,I000454,2026-02-08 20:00:00,TikTok Ads,TikTok,TikTok Ads - Performance,performance,Agronegócio,,7.3
L0087,I000455,2026-02-11 04:00:00,Google Ads,Google,Google Ads - Agronegócio,especifica,Agronegócio,GCLID_24b58806bf62,8.04
L0087,I000456,2026-02-18 09:00:00,LinkedIn Ads,LinkedIn,LinkedIn Ads - Remarketing,remarketing,Agronegócio,,2.87
L0087,I000457,2026-02-25 23:00:00,LinkedIn Ads,LinkedIn,LinkedIn Ads - Remarketing,remarketing,Agronegócio,,1.36
L0087,I000458,2026-03-08 07:00:00,Google Ads,Google,Google Ads - Marca Institucional,institucional,Agronegócio,GCLID_fda4d5764580,2.06
L0087,I000459,2026-03-09 02:00:00,LinkedIn Ads,LinkedIn,LinkedIn Ads - Remarketing,remarketing,Agronegócio,,0.84
L0088,I000460,2026-04-22 19:00:00,E-mail,CRM,E-mail - Marca Institucional,institucional,Data Science,,0.0
L0088,I000461,2026-04-24 16:00:00,TikTok Ads,TikTok,TikTok Ads - Data Science,especifica,Data Science,,7.48
L0089,I000462,2026-04-07 00:00:00,Meta Ads,Meta,Meta Ads - Performance,performance,Engenharia de Software,FBCLID_a812525aa6bd,1.35
L0089,I000463,2026-04-16 02:00:00,TikTok Ads,TikTok,TikTok Ads - Engenharia de Software,especifica,Engenharia de Software,,1.29
L0089,I000464,2026-04-26 11:00:00,Google Ads,Google,Google Ads - Remarketing,remarketing,Engenharia de Software,GCLID_d5fda8965d72,6.95
L0090,I000465,2026-01-28 01:00:00,Meta Ads,Meta,Meta Ads - Data Science,especifica,Data Science,FBCLID_5e5dcde14e6b,1.44
L0090,I000466,2026-02-03 06:00:00,LinkedIn Ads,LinkedIn,LinkedIn Ads - Remarketing,remarketing,Data Science,,4.66
L0090,I000467,2026-02-07 18:00:00,E-mail,CRM,E-mail - Data Science,especifica,Data Science,,0.0
L0090,I000468,2026-02-14 06:00:00,TikTok Ads,TikTok,TikTok Ads - Remarketing,remarketing,Data Science,,8.76
L0090,I000469,2026-02-23 04:00:00,Orgânico,Site,Orgânico - Performance,performance,Data Science,,0.0
L0090,I000470,2026-02-27 23:00:00,Orgânico,Site,Orgânico - Data Science,especifica,Data Science,,0.0
L0090,I000471,2026-03-06 04:00:00,Google Ads,Google,Google Ads - Data Science,especifica,Data Science,GCLID_ee940e085b46,7.6
L0090,I000472,2026-03-11 03:00:00,LinkedIn Ads,LinkedIn,LinkedIn Ads - Data Science,especifica,Data Science,,2.52
L0090,I000473,2026-03-14 18:00:00,Meta Ads,Meta,Meta Ads - Data Science,especifica,Data Science,FBCLID_917cac6e8043,2.29
L0091,I000474,2026-02-06 09:00:00,LinkedIn Ads,LinkedIn,LinkedIn Ads - Marca Institucional,institucional,Marketing Digital,,5.6
L0092,I000475,2026-04-30 19:00:00,LinkedIn Ads,LinkedIn,LinkedIn Ads - Performance,performance,Engenharia de Software,,9.0
L0092,I000476,2026-05-09 22:00:00,Meta Ads,Meta,Meta Ads - Marca Institucional,institucional,Engenharia de Software,FBCLID_e57f3410d997,7.93
L0092,I000477,2026-05-10 21:00:00,Google Ads,Google,Google Ads - Performance,performance,Engenharia de Software,GCLID_1303b0889785,3.47
L0092,I000478,2026-05-22 01:00:00,LinkedIn Ads,LinkedIn,LinkedIn Ads - Engenharia de Software,especifica,Engenharia de Software,,7.93
L0093,I000479,2026-01-14 17:00:00,Meta Ads,Meta,Meta Ads - Performance,performance,MBA em Gestão,FBCLID_e18bc25b5786,2.61
L0094,I000480,2026-05-27 17:00:00,TikTok Ads,TikTok,TikTok Ads - Engenharia de Software,especifica,Engenharia de Software,,1.75
L0094,I000481,2026-06-03 06:00:00,E-mail,CRM,E-mail - Engenharia de Software,especifica,Engenharia de Software,,0.0
L0094,I000482,2026-06-13 20:00:00,Meta Ads,Meta,Meta Ads - Remarketing,remarketing,Engenharia de Software,FBCLID_e577af25e734,2.01
L0094,I000483,2026-06-18 18:00:00,Meta Ads,Meta,Meta Ads - Remarketing,remarketing,Engenharia de Software,FBCLID_a6c578d58675,8.73
L0094,I000484,2026-06-19 11:00:00,LinkedIn Ads,LinkedIn,LinkedIn Ads - Engenharia de Software,especifica,Engenharia de Software,,4.02
L0094,I000485,2026-06-30 20:00:00,E-mail,CRM,E-mail - Marca Institucional,institucional,Engenharia de Software,,0.0
L0094,I000486,2026-07-07 09:00:00,Orgânico,Site,Orgânico - Engenharia de Software,especifica,Engenharia de Software,,0.0
L0094,I000487,2026-07-08 16:00:00,Meta Ads,Meta,Meta Ads - Marca Institucional,institucional,Engenharia de Software,FBCLID_e3c5694b1704,4.05
L0094,I000488,2026-07-08 19:00:00,TikTok Ads,TikTok,TikTok Ads - Performance,performance,Engenharia de Software,,1.76
L0094,I000489,2026-07-13 13:00:00,Orgânico,Site,Orgânico - Remarketing,remarketing,Engenharia de Software,,0.0
L0094,I000490,2026-07-25 19:00:00,E-mail,CRM,E-mail - Marca Institucional,institucional,Engenharia de Software,,0.0
L0094,I000491,2026-07-27 11:00:00,Google Ads,Google,Google Ads - Marca Institucional,institucional,Engenharia de Software,GCLID_9c94da98e2c1,3.25
L0094,I000492,2026-08-06 04:00:00,LinkedIn Ads,LinkedIn,LinkedIn Ads - Performance,performance,Engenharia de Software,,4.99
L0095,I000493,2026-03-18 13:00:00,Orgânico,Site,Orgânico - Remarketing,remarketing,Engenharia de Software,,0.0
L0096,I000494,2026-01-28 12:00:00,LinkedIn Ads,LinkedIn,LinkedIn Ads - Marca Institucional,institucional,MBA em Gestão,,6.41
L0096,I000495,2026-02-06 11:00:00,Google Ads,Google,Google Ads - MBA em Gestão,especifica,MBA em Gestão,GCLID_36bf3eebaf6c,7.98
L0096,I000496,2026-02-14 05:00:00,Orgânico,Site,Orgânico - Remarketing,remarketing,MBA em Gestão,,0.0
L0096,I000497,2026-02-25 19:00:00,E-mail,CRM,E-mail - Remarketing,remarketing,MBA em Gestão,,0.0
L0096,I000498,2026-02-27 15:00:00,TikTok Ads,TikTok,TikTok Ads - Performance,performance,MBA em Gestão,,1.45
L0096,I000499,2026-03-08 12:00:00,TikTok Ads,TikTok,TikTok Ads - Remarketing,remarketing,MBA em Gestão,,8.98
L0096,I000500,2026-03-18 02:00:00,E-mail,CRM,E-mail - Marca Institucional,institucional,MBA em Gestão,,0.0
L0096,I000501,2026-03-28 09:00:00,Google Ads,Google,Google Ads - Performance,performance,MBA em Gestão,GCLID_77e1ea408892,7.62
L0096,I000502,2026-04-07 00:00:00,Google Ads,Google,Google Ads - Remarketing,remarketing,MBA em Gestão,GCLID_a1ebf50a0d28,1.27
L0096,I000503,2026-04-14 00:00:00,TikTok Ads,TikTok,TikTok Ads - Marca Institucional,institucional,MBA em Gestão,,2.08
L0096,I000504,2026-05-18 03:00:00,Google Ads,Google,Google Ads - Agronegócio,especifica,Agronegócio,GCLID_d14e0265f682,8.37
L0096,I000505,2026-05-20 03:00:00,TikTok Ads,TikTok,TikTok Ads - Agronegócio,especifica,Agronegócio,,3.11
L0096,I000506,2026-05-24 03:00:00,Google Ads,Google,Google Ads - Remarketing,remarketing,Agronegócio,GCLID_35cebe54016b,6.79
L0097,I000507,2026-03-06 10:00:00,Google Ads,Google,Google Ads - Agronegócio,especifica,Agronegócio,GCLID_dcad70259d0a,3.05
L0097,I000508,2026-03-10 13:00:00,TikTok Ads,TikTok,TikTok Ads - Marca Institucional,institucional,Agronegócio,,3.01
L0097,I000509,2026-03-18 00:00:00,Meta Ads,Meta,Meta Ads - Performance,performance,Agronegócio,FBCLID_b446cf6533de,3.54
L0098,I000510,2026-02-04 07:00:00,Google Ads,Google,Google Ads - MBA em Gestão,especifica,MBA em Gestão,GCLID_b93e162cc058,4.46
L0099,I000511,2026-05-01 11:00:00,Orgânico,Site,Orgânico - Marca Institucional,institucional,Agronegócio,,0.0
L0099,I000512,2026-05-12 04:00:00,TikTok Ads,TikTok,TikTok Ads - Remarketing,remarketing,Agronegócio,,7.94
L0099,I000513,2026-05-21 02:00:00,E-mail,CRM,E-mail - Remarketing,remarketing,Agronegócio,,0.0
L0099,I000514,2026-06-02 03:00:00,Meta Ads,Meta,Meta Ads - Performance,performance,Agronegócio,FBCLID_d72af3fb5250,6.07
L0099,I000515,2026-06-07 04:00:00,E-mail,CRM,E-mail - Performance,performance,Agronegócio,,0.0
L0099,I000516,2026-06-17 12:00:00,Orgânico,Site,Orgânico - Remarketing,remarketing,Agronegócio,,0.0
L0099,I000517,2026-06-24 14:00:00,LinkedIn Ads,LinkedIn,LinkedIn Ads - Agronegócio,especifica,Agronegócio,,4.87
L0099,I000518,2026-06-30 21:00:00,Meta Ads,Meta,Meta Ads - Marca Institucional,institucional,Agronegócio,FBCLID_405c6ab0ba78,4.53
L0099,I000519,2026-07-12 23:00:00,Meta Ads,Meta,Meta Ads - Agronegócio,especifica,Agronegócio,FBCLID_936a6277bc68,2.99
L0099,I000520,2026-07-18 14:00:00,Meta Ads,Meta,Meta Ads - Performance,performance,Agronegócio,FBCLID_a54b7be27c8a,2.07
L0099,I000521,2026-07-21 01:00:00,TikTok Ads,TikTok,TikTok Ads - Remarketing,remarketing,Agronegócio,,6.17
L0099,I000522,2026-07-22 02:00:00,Google Ads,Google,Google Ads - Performance,performance,Agronegócio,GCLID_c234c4e7fb84,5.76
L0100,I000523,2026-02-13 23:00:00,LinkedIn Ads,LinkedIn,LinkedIn Ads - MBA em Gestão,especifica,MBA em Gestão,,6.72
L0100,I000524,2026-02-23 19:00:00,Orgânico,Site,Orgânico - Remarketing,remarketing,MBA em Gestão,,0.0
L0100,I000525,2026-03-06 21:00:00,E-mail,CRM,E-mail - MBA em Gestão,especifica,MBA em Gestão,,0.0
L0100,I000526,2026-03-09 14:00:00,LinkedIn Ads,LinkedIn,LinkedIn Ads - Remarketing,remarketing,MBA em Gestão,,8.77
L0100,I000527,2026-03-17 09:00:00,Orgânico,Site,Orgânico - Marca Institucional,institucional,MBA em Gestão,,0.0
L0100,I000528,2026-03-24 08:00:00,LinkedIn Ads,LinkedIn,LinkedIn Ads - Remarketing,remarketing,MBA em Gestão,,3.57
L0100,I000529,2026-04-03 00:00:00,E-mail,CRM,E-mail - Performance,performance,MBA em Gestão,,0.0
L0100,I000530,2026-04-14 14:00:00,E-mail,CRM,E-mail - Marca Institucional,institucional,MBA em Gestão,,0.0
L0100,I000531,2026-04-17 07:00:00,Meta Ads,Meta,Meta Ads - Performance,performance,MBA em Gestão,FBCLID_da8dd8db3a91,1.67
L0101,I000532,2026-04-14 07:00:00,Orgânico,Site,Orgânico - Performance,performance,Engenharia de Software,,0.0
L0101,I000533,2026-04-16 03:00:00,Orgânico,Site,Orgânico - Remarketing,remarketing,Engenharia de Software,,0.0
L0101,I000534,2026-04-28 07:00:00,LinkedIn Ads,LinkedIn,LinkedIn Ads - Remarketing,remarketing,Engenharia de Software,,3.58
L0101,I000535,2026-05-10 16:00:00,Google Ads,Google,Google Ads - Engenharia de Software,especifica,Engenharia de Software,GCLID_96bbf8cefbc6,5.29
L0102,I000536,2026-01-17 22:00:00,LinkedIn Ads,LinkedIn,LinkedIn Ads - Performance,performance,MBA em Gestão,,7.83
L0102,I000537,2026-01-29 05:00:00,Orgânico,Site,Orgânico - Marca Institucional,institucional,MBA em Gestão,,0.0
L0102,I000538,2026-01-30 07:00:00,E-mail,CRM,E-mail - Remarketing,remarketing,MBA em Gestão,,0.0
L0102,I000539,2026-02-07 11:00:00,TikTok Ads,TikTok,TikTok Ads - Marca Institucional,institucional,MBA em Gestão,,8.58
L0102,I000540,2026-02-11 19:00:00,Orgânico,Site,Orgânico - Remarketing,remarketing,MBA em Gestão,,0.0
L0102,I000541,2026-02-24 04:00:00,TikTok Ads,TikTok,TikTok Ads - Performance,performance,MBA em Gestão,,2.15
L0102,I000542,2026-03-02 01:00:00,Google Ads,Google,Google Ads - MBA em Gestão,especifica,MBA em Gestão,GCLID_955fc1c7b902,8.89
L0102,I000543,2026-03-04 21:00:00,Google Ads,Google,Google Ads - Remarketing,remarketing,MBA em Gestão,GCLID_9bd902c0f993,4.48
L0102,I000544,2026-03-09 21:00:00,Google Ads,Google,Google Ads - Performance,performance,MBA em Gestão,GCLID_e7b190f709f8,3.28
L0102,I000545,2026-03-15 02:00:00,TikTok Ads,TikTok,TikTok Ads - Remarketing,remarketing,MBA em Gestão,,5.33
L0102,I000546,2026-03-24 15:00:00,Google Ads,Google,Google Ads - Marca Institucional,institucional,MBA em Gestão,GCLID_53242647d62b,1.65
L0102,I000547,2026-03-30 05:00:00,TikTok Ads,TikTok,TikTok Ads - Marca Institucional,institucional,MBA em Gestão,,4.19
L0102,I000548,2026-04-05 06:00:00,Meta Ads,Meta,Meta Ads - Marca Institucional,institucional,MBA em Gestão,FBCLID_cf773f99d9d4,0.93
L0102,I000549,2026-04-08 02:00:00,Google Ads,Google,Google Ads - Remarketing,remarketing,MBA em Gestão,GCLID_50fcd5cb3068,4.0
L0103,I000550,2026-01-18 03:00:00,TikTok Ads,TikTok,TikTok Ads - Marca Institucional,institucional,Marketing Digital,,2.05
L0103,I000551,2026-01-29 15:00:00,Meta Ads,Meta,Meta Ads - Marketing Digital,especifica,Marketing Digital,FBCLID_4e8443b13be8,7.12
L0104,I000552,2026-01-26 19:00:00,Meta Ads,Meta,Meta Ads - Remarketing,remarketing,MBA em Gestão,FBCLID_1ce8447bff93,6.0
L0104,I000553,2026-02-04 18:00:00,Google Ads,Google,Google Ads - MBA em Gestão,especifica,MBA em Gestão,GCLID_b3226df8acb5,2.89
L0104,I000554,2026-02-09 09:00:00,Meta Ads,Meta,Meta Ads - Performance,performance,MBA em Gestão,FBCLID_b5416098ed75,2.43
L0104,I000555,2026-02-19 03:00:00,TikTok Ads,TikTok,TikTok Ads - Marca Institucional,institucional,MBA em Gestão,,3.35
L0104,I000556,2026-02-26 08:00:00,Orgânico,Site,Orgânico - Marca Institucional,institucional,MBA em Gestão,,0.0
L0105,I000557,2026-04-03 19:00:00,Orgânico,Site,Orgânico - Marca Institucional,institucional,Marketing Digital,,0.0
L0106,I000558,2026-03-26 10:00:00,LinkedIn Ads,LinkedIn,LinkedIn Ads - Engenharia de Software,especifica,Engenharia de Software,,7.38
L0106,I000559,2026-03-28 22:00:00,TikTok Ads,TikTok,TikTok Ads - Performance,performance,Engenharia de Software,,1.1
L0106,I000560,2026-04-04 07:00:00,TikTok Ads,TikTok,TikTok Ads - Marca Institucional,institucional,Engenharia de Software,,6.51
L0106,I000561,2026-04-06 09:00:00,TikTok Ads,TikTok,TikTok Ads - Engenharia de Software,especifica,Engenharia de Software,,2.37
L0106,I000562,2026-04-11 07:00:00,E-mail,CRM,E-mail - Remarketing,remarketing,Engenharia de Software,,0.0
L0107,I000563,2026-03-11 18:00:00,Google Ads,Google,Google Ads - Performance,performance,Marketing Digital,GCLID_f7d475b1d410,6.63
L0107,I000564,2026-03-17 00:00:00,TikTok Ads,TikTok,TikTok Ads - Marca Institucional,institucional,Marketing Digital,,7.47
L0107,I000565,2026-03-29 12:00:00,E-mail,CRM,E-mail - Marketing Digital,especifica,Marketing Digital,,0.0
L0107,I000566,2026-04-09 04:00:00,Google Ads,Google,Google Ads - Remarketing,remarketing,Marketing Digital,GCLID_e8b0c22aeb45,4.51
L0107,I000567,2026-04-13 10:00:00,TikTok Ads,TikTok,TikTok Ads - Marketing Digital,especifica,Marketing Digital,,4.1
L0108,I000568,2026-05-19 15:00:00,Meta Ads,Meta,Meta Ads - MBA em Gestão,especifica,MBA em Gestão,FBCLID_e35b251e8dfb,3.65
L0108,I000569,2026-05-26 19:00:00,Meta Ads,Meta,Meta Ads - Performance,performance,MBA em Gestão,FBCLID_40a98c6af1a7,8.69
L0108,I000570,2026-05-26 19:00:00,TikTok Ads,TikTok,TikTok Ads - Marca Institucional,institucional,MBA em Gestão,,5.45
L0108,I000571,2026-06-01 09:00:00,TikTok Ads,TikTok,TikTok Ads - Performance,performance,MBA em Gestão,,0.91
L0110,I000574,2026-03-20 18:00:00,TikTok Ads,TikTok,TikTok Ads - Performance,performance,Agronegócio,,0.93
L0110,I000575,2026-03-22 16:00:00,Orgânico,Site,Orgânico - Agronegócio,especifica,Agronegócio,,0.0
L0110,I000576,2026-03-27 11:00:00,Google Ads,Google,Google Ads - Performance,performance,Agronegócio,GCLID_34f34dc2eb34,3.35
L0111,I000577,2026-05-07 22:00:00,LinkedIn Ads,LinkedIn,LinkedIn Ads - Remarketing,remarketing,Marketing Digital,,8.68
L0111,I000578,2026-05-20 10:00:00,LinkedIn Ads,LinkedIn,LinkedIn Ads - Marca Institucional,institucional,Marketing Digital,,1.83
L0111,I000579,2026-05-20 13:00:00,Orgânico,Site,Orgânico - Performance,performance,Marketing Digital,,0.0
L0111,I000580,2026-06-02 04:00:00,LinkedIn Ads,LinkedIn,LinkedIn Ads - Marca Institucional,institucional,Marketing Digital,,5.91
L0112,I000581,2026-04-23 13:00:00,Meta Ads,Meta,Meta Ads - Marca Institucional,institucional,Engenharia de Software,FBCLID_4c521e491405,7.51
L0112,I000582,2026-04-30 02:00:00,Google Ads,Google,Google Ads - Remarketing,remarketing,Engenharia de Software,GCLID_eb03a4418fc8,2.01
L0112,I000583,2026-04-30 07:00:00,TikTok Ads,TikTok,TikTok Ads - Performance,performance,Engenharia de Software,,3.73
L0112,I000584,2026-05-06 09:00:00,LinkedIn Ads,LinkedIn,LinkedIn Ads - Performance,performance,Engenharia de Software,,8.31
L0112,I000585,2026-05-07 10:00:00,E-mail,CRM,E-mail - Remarketing,remarketing,Engenharia de Software,,0.0
L0112,I000586,2026-05-19 23:00:00,Meta Ads,Meta,Meta Ads - Remarketing,remarketing,Engenharia de Software,FBCLID_aea51f4acb1c,8.36
L0112,I000587,2026-05-23 07:00:00,Orgânico,Site,Orgânico - Engenharia de Software,especifica,Engenharia de Software,,0.0
L0112,I000588,2026-05-28 20:00:00,Meta Ads,Meta,Meta Ads - Marca Institucional,institucional,Engenharia de Software,FBCLID_7f4952dd72f8,5.46
L0113,I000589,2026-01-22 01:00:00,E-mail,CRM,E-mail - Marca Institucional,institucional,Engenharia de Software,,0.0
L0113,I000590,2026-01-30 19:00:00,LinkedIn Ads,LinkedIn,LinkedIn Ads - Marca Institucional,institucional,Engenharia de Software,,2.78
L0113,I000591,2026-02-11 20:00:00,Meta Ads,Meta,Meta Ads - Performance,performance,Engenharia de Software,FBCLID_25848db9856a,1.94
L0113,I000592,2026-02-21 19:00:00,Google Ads,Google,Google Ads - Remarketing,remarketing,Engenharia de Software,GCLID_b29eaa240e79,5.82
L0113,I000593,2026-02-22 01:00:00,Google Ads,Google,Google Ads - Marca Institucional,institucional,Engenharia de Software,GCLID_7452a6500c18,5.18
L0114,I000594,2026-03-11 09:00:00,Meta Ads,Meta,Meta Ads - Marca Institucional,institucional,Data Science,FBCLID_58639a57bcca,2.66
L0114,I000595,2026-03-15 13:00:00,LinkedIn Ads,LinkedIn,LinkedIn Ads - Data Science,especifica,Data Science,,5.77
L0115,I000596,2026-03-23 20:00:00,Orgânico,Site,Orgânico - Marca Institucional,institucional,Data Science,,0.0
L0115,I000597,2026-03-27 18:00:00,Meta Ads,Meta,Meta Ads - Marca Institucional,institucional,Data Science,FBCLID_69a7e3e9a70a,4.41
L0115,I000598,2026-04-03 19:00:00,TikTok Ads,TikTok,TikTok Ads - Remarketing,remarketing,Data Science,,2.64
L0115,I000599,2026-04-15 19:00:00,E-mail,CRM,E-mail - Data Science,especifica,Data Science,,0.0
L0117,I000606,2026-01-29 08:00:00,Meta Ads,Meta,Meta Ads - Remarketing,remarketing,Data Science,FBCLID_86342fd38f69,1.79
L0117,I000607,2026-02-04 07:00:00,Meta Ads,Meta,Meta Ads - Remarketing,remarketing,Data Science,FBCLID_5190b2bf1d6d,8.77
L0118,I000608,2026-06-08 17:00:00,Orgânico,Site,Orgânico - Agronegócio,especifica,Agronegócio,,0.0
L0118,I000609,2026-06-21 10:00:00,TikTok Ads,TikTok,TikTok Ads - Performance,performance,Agronegócio,,6.63
L0118,I000610,2026-07-02 19:00:00,Orgânico,Site,Orgânico - Agronegócio,especifica,Agronegócio,,0.0
L0118,I000611,2026-07-15 10:00:00,TikTok Ads,TikTok,TikTok Ads - Performance,performance,Agronegócio,,6.54
L0118,I000612,2026-07-27 13:00:00,Orgânico,Site,Orgânico - Performance,performance,Agronegócio,,0.0
L0119,I000613,2026-05-29 20:00:00,E-mail,CRM,E-mail - Performance,performance,Data Science,,0.0
L0119,I000614,2026-05-30 15:00:00,Meta Ads,Meta,Meta Ads - Data Science,especifica,Data Science,FBCLID_926a7ad93527,8.2
L0119,I000615,2026-06-11 13:00:00,LinkedIn Ads,LinkedIn,LinkedIn Ads - Marca Institucional,institucional,Data Science,,8.34
L0119,I000616,2026-06-16 03:00:00,Meta Ads,Meta,Meta Ads - Performance,performance,Data Science,FBCLID_265f8086f748,5.97
L0120,I000617,2026-05-04 08:00:00,Meta Ads,Meta,Meta Ads - Remarketing,remarketing,Data Science,FBCLID_c4b25d0135a5,4.87
L0120,I000618,2026-05-15 02:00:00,E-mail,CRM,E-mail - Remarketing,remarketing,Data Science,,0.0
L0120,I000619,2026-05-18 05:00:00,LinkedIn Ads,LinkedIn,LinkedIn Ads - Marca Institucional,institucional,Data Science,,8.7
L0120,I000620,2026-05-27 18:00:00,TikTok Ads,TikTok,TikTok Ads - Remarketing,remarketing,Data Science,,6.44
L0120,I000621,2026-06-30 04:00:00,E-mail,CRM,E-mail - Agronegócio,especifica,Agronegócio,,0.0
L0120,I000622,2026-07-11 04:00:00,E-mail,CRM,E-mail - Marca Institucional,institucional,Agronegócio,,0.0
